UA,2016,2017,2018,2015,2014,2013
Firefox,662829.0,449724.0,815548.0,445321.0,476500.0,
Opera,52143.0,40192.0,79117.0,41397.0,37127.0,
Chrome,1147165.0,973935.0,1842529.0,731837.0,527632.0,
"""WiseCron/1.2""",3.0,2.0,2.0,,,
IE,223199.0,115446.0,113185.0,173350.0,223003.0,
Chromium,8425.0,11351.0,10202.0,5029.0,2646.0,
Safari,98126.0,59622.0,141217.0,77051.0,61123.0,
Facebook,1638.0,5432.0,39831.0,2825.0,554.0,
Opera Mini,3082.0,3795.0,5948.0,2427.0,4536.0,
0.6682829819741232,1.0,,,,,
Mobile Safari UI/WKWebView,2698.0,5718.0,23752.0,4318.0,2586.0,
Android,4771.0,1351.0,9086.0,10099.0,17485.0,
ADmantX Platform Semantic Analyzer - ADmantX Inc. - www.admantx.com - support@admantx.com,1.0,,,,,
ADmantX Platform Semantic Analyzer - APAC - ADmantX Inc. - www.admantx.com - support@admantx.com,3.0,,,,,
ADmantX Platform Semantic Analyzer - Turn EU - ADmantX Inc. - www.admantx.com - support@admantx.com,1.0,,,,,
ADmantX Platform Semantic Analyzer Appnexus - ADmantX Inc. - www.admantx.com - support@admantx.com,23.0,,,,,
AddThis.com (http://support.addthis.com/),5.0,,7.0,,,
AdsBot-Google,1.0,10.0,356.0,7.0,,
Amber/1.0 (+http://box1194.bluehost.com http://amberlink.org/fetcher),27.0,,,,,
Amber/1.0 (+http://groundvi.accountservergroup.com http://amberlink.org/fetcher),5.0,,,,,
Amber/1.0 (+http://ip-172-30-5-150 http://amberlink.org/fetcher),85.0,,,,,
Amber/1.0 (+http://just105.justhost.com http://amberlink.org/fetcher),1.0,,,,,
Amber/1.0 (+http://localhost http://amberlink.org/fetcher),3.0,,,,,
Amber/1.0 (+http://minutemen.reclaimhosting.com http://amberlink.org/fetcher),13.0,,,,,
Amber/1.0 (+http://netzpolitik.org http://amberlink.org/fetcher),43.0,,,,,
Amber/1.0 (+http://plymouth.footholds.net http://amberlink.org/fetcher),4.0,,,,,
Amber/1.0 (+http://ramones.reclaimhosting.com http://amberlink.org/fetcher),2.0,,,,,
Amber/1.0 (+http://sh108.surpasshosting.com http://amberlink.org/fetcher),1.0,,,,,
Amber/1.0 (+http://si-pweboss01.si.edu http://amberlink.org/fetcher),70.0,87.0,98.0,,,
Amber/1.0 (+http://sia-dev.si.edu http://amberlink.org/fetcher),16.0,,,,,
Amber/1.0 (+http://web305.webfaction.com http://amberlink.org/fetcher),1.0,,,,,
Amber/1.0 (+http://web526.webfaction.com http://amberlink.org/fetcher),1.0,,,,,
Apache-HttpClient,1747.0,60.0,192.0,4.0,,
AppEngine-Google,331.0,204.0,211.0,1024.0,699.0,
BB2C,10.0,,,,,
BaconReader,1.0,,10.0,11.0,,
Baiduspider,1.0,174.0,390.0,18.0,2.0,
CheckHost (http://check-host.net/),11501.0,4001.0,,,,
Compliance Crawler,97.0,7.0,1.0,,,
Clickagy Intelligence Bot,88.0,,,,,
Contiki/1.0 (Commodore 64; http://dunkels.com/adam/contiki/),1.0,1.0,,,,
Cronless/2.0 (+http://cronless.com),1.0,4.0,12.0,,,
CyotekWebCopy/1.0 CyotekHTTP/2.0,52.0,,,,,
Engineering Crawler,3.0,,,,,
Dispatch/0.11.1-SNAPSHOT,1.0,17.0,9.0,,,
Disqus/1.0,31.0,18.0,31.0,,,
DoCoMo/2.0 F01C(c500;TB;W42H10),3.0,,,,,
DoCoMo/2.0 N02D(c500;TB;W24H16),2.0,,,,,
DoCoMo/2.0 P01H(c500;TB;W20H13),3.0,,,,,
DoCoMo/2.0 P06C(c500;TB;W24H16) Google,1.0,,,,,
DoCoMo/2.0 P07B(c500;TB;W20H13),2.0,,,,,
Dont be so nosy !!! :X,1.0,,,,,
ELinks,1.0,12.0,5.0,10.0,1.0,
ELinks (textmode),113.0,,,,,
Easy-Thumb (https://www.easy-thumb.net/),2.0,,,,,
the Thinglink ImageBot,20.0,,,,,
Emacs-W3/4.0pre.46 URL/p4.0pre.46 (i686-pc-linux; X11),1.0,,,,,
GNU,3.0,,,,,
Go-http-client,111.0,61.0,32.0,,,
favicon,1.0,3.0,,46.0,,
Google-AMPHTML,1.0,,,,,
Google-HTTP-Java-Client,48.0,,,405.0,5.0,
Google-Sitemaps/1.0,1.0,,,,,
Googlebot-News,1.0,,,,,
Googlebot,426.0,156.0,281.0,142.0,168.0,
Greycite,23.0,10.0,9.0,,,
GumGum-Bot,1.0,20.0,4.0,,,
curl,21283.0,234076.0,42445.0,10927.0,1904.0,
Chrome Mobile WebView,12575.0,14110.0,129243.0,15630.0,6427.0,
HTTP_Request2/2.3.0 (http://pear.php.net/package/http_request2) PHP/5.3.29,4.0,,,,,
Hatena Antenna/0.5 (http://a.hatena.ne.jp/help),7699.0,3825.0,1694.0,,,
HubSpot Image Utils,9.0,,,,,
HybridBot,4.0,1.0,,,,
IExplore,234.0,,,,,
Iframely/0.8.5 (+http://iframely.com/;),1.0,,,,,
Imgur,2.0,,,,,
UC Browser,4625.0,2830.0,38007.0,2655.0,2183.0,
Java,13.0,834.0,2448.0,11.0,45.0,
Java Browser,3.0,1.0,1.0,,,
Jigsaw/2.2.0 W3C_CSS_Validator_JFouffa/2.0,1.0,,1.0,,,
libwww-perl,94.0,165.0,28.0,175.0,885.0,
Chrome Mobile,38928.0,48478.0,348409.0,28295.0,17161.0,
Links,103.0,9.0,1.0,13.0,,
Lynx,3.0,76.0,76.0,5.0,5.0,
Sleipnir,928.0,546.0,770.0,941.0,1373.0,
QQ Browser Mobile,8.0,7.0,75.0,97.0,,
IE Mobile,1020.0,435.0,17194.0,1794.0,1062.0,
Magus Bot,2.0,,,,,
Mediapartners-Google,917.0,570.0,355.0,847.0,1690.0,
MetaURI API/2.0 +metauri.com,1.0,1.0,,,,
Microsoft Data Access Internet Publishing Provider Protocol Discovery,2.0,,,,,
Microsoft Office Word 2013,1.0,,,,,
Word,7.0,,,,,
Midori,399.0,25.0,2.0,47.0,302.0,
Monazilla/1.00 (BathyScaphe/966),2.0,,,,,
Monazilla/1.00 (demo/0.01; http://www.kyodemo.net/demo/),2.0,,,,,
Mozilla,331.0,100322.0,648.0,,,
Mozilla 5.0,7.0,,,,,
Mozilla/2.0,6.0,,2.0,,,
Mozilla/3.0 (compatible; WebCapture 1.0; Windows),2.0,,,,,
Mozilla/3.0 (x86 [en] Windows NT 5.1; Sun),1.0,,1.0,,,
NetFront,218.0,307.0,82.0,15.0,23.0,
Mozilla/4.0,4.0,1.0,,,,
Mozilla/4.0 (compatible),2.0,,,,,
Lunascape,6.0,39.0,17.0,362.0,40.0,
Maxthon,2562.0,246.0,585.0,2530.0,733.0,
Outlook,38.0,8.0,7.0,75.0,14.0,
Avant,2.0,,,3.0,163.0,
Chrome Frame,8.0,,16.0,4.0,17.0,
Zune,9.0,2.0,18.0,1.0,3.0,
QQ Browser,9.0,66.0,287.0,34.0,4.0,
Mozilla/4.0 (compatible;),569.0,27.0,27.0,,,
Mozilla/4.0 (jig browser web; 1.0.4; KC4D),1.0,,,,,
Mozilla/4.5 (compatible; HTTrack 3.0x; Windows 98),4.0,15.0,6.0,,,
iCab,6.0,1.0,2.0,13.0,8.0,
Mozilla/4.5 RPT-HTTPClient/0.3-2,1.0,,,,,
Mozilla/5.0,9005.0,105.0,217.0,,,
Firefox Mobile,5472.0,4852.0,21404.0,4251.0,12918.0,
Waterfox,697.0,1263.0,200.0,1638.0,719.0,
Pale Moon,5217.0,4676.0,4308.0,5118.0,2559.0,
Mozilla/5.0 (Android; Tablet; rv:35.0) Gecko/35.0 Firefox/5367,19.0,,,,,
BlackBerry WebKit,386.0,107.0,8605.0,318.0,578.0,
Mozilla/5.0 (BeOS; U; BeOS BePC; en-US; rv:1.1) Gecko/20020901,15.0,,,,,
SeaMonkey,6288.0,1287.0,1255.0,1419.0,1700.0,
WebKit Nightly,12.0,45.0,3.0,18.0,32.0,
Epiphany,28.0,5.0,6.0,29.0,74.0,
Opera Mobile,435.0,1671.0,10131.0,2490.0,372.0,
Mozilla/5.0 (Linux i686),11547.0,,,,,
Amazon Silk,3950.0,1646.0,5332.0,3244.0,1747.0,
Yandex Browser,10739.0,13771.0,15339.0,7805.0,3780.0,
moatbot,2.0,,15.0,182.0,,
Puffin,1470.0,1807.0,2624.0,1783.0,769.0,
YandexSearch,2.0,68.0,335.0,,,
Pinterest,2722.0,1496.0,5661.0,2534.0,561.0,
Twitter,305.0,1221.0,537.0,1016.0,149.0,
Facebook Messenger,75.0,313.0,582.0,95.0,70.0,
Edge Mobile,743.0,1213.0,3145.0,58.0,,
Flipboard,16.0,21.0,13.0,,,
Samsung Internet,6411.0,6518.0,58346.0,4835.0,,
LINE,93.0,193.0,1472.0,13.0,,
Crosswalk,28.0,58.0,475.0,,,
Goog1ebot,153.0,,,,,
Coc Coc,4430.0,1302.0,1520.0,811.0,492.0,
MiuiBrowser,102.0,376.0,1257.0,11.0,,
Kindle,19.0,,236.0,12.0,2.0,
Edge,30179.0,27273.0,70932.0,18052.0,,
OmniWeb,2.0,1.0,,190.0,3.0,
QupZilla,4.0,101.0,5.0,101.0,13.0,
Firefox Beta,1.0,,17.0,3.0,102.0,
Apple Mail,124.0,89.0,1826.0,150.0,504.0,
Iron,2218.0,2074.0,5553.0,1807.0,1872.0,
Vivaldi,3721.0,9448.0,18809.0,1159.0,,
FacebookBot,80.0,443.0,183.0,247.0,435.0,
Electron,1.0,,2.0,,,
PhantomJS,4928.0,2058.0,6095.0,359.0,601.0,
Mozilla/5.0 (Macintosh; Intel Mac OS X) Word/0.0.0,1.0,2.0,,,,
Stainless,1.0,,,2.0,,
Flock,1.0,,1.0,1.0,6.0,
cXensebot,47.0,431.0,351.0,1.0,8.0,
Nokia Browser,93.0,,394.0,53.0,70.0,
NetFront NX,1348.0,1504.0,837.0,724.0,1013.0,
"Mozilla/5.0 (PlayStation 4 3.11) AppleWebKit/537.73 (KHTML, like Gecko)",2.0,,,,,
"Mozilla/5.0 (PlayStation 4 4.01) AppleWebKit/537.78 (KHTML, like Gecko)",47.0,,,,,
"Mozilla/5.0 (PlayStation 4 4.05) AppleWebKit/537.78 (KHTML, like Gecko)",78.0,,,,,
Dolfin,4.0,,,11.0,12.0,
Nokia OSS Browser,1.0,,,,6.0,
TweetmemeBot,7.0,80.0,48.0,20.0,31.0,
Dragon,513.0,1258.0,934.0,488.0,1083.0,
Sogou Explorer,403.0,261.0,754.0,27.0,1543.0,
Mail.ru Chromium Browser,240.0,285.0,237.0,407.0,176.0,
Mozilla/5.0 (Windows NT 10.0; WOW64; rv:41.0) Gecko/20100101 Zotero/4.0.29.10,1.0,,,,,
Firefox Alpha,8.0,3.0,50.0,351.0,398.0,
Conkeror,3.0,14.0,13.0,1.0,21.0,
K-Meleon,106.0,493.0,195.0,851.0,60.0,
BingPreview,125.0,2595.0,103098.0,28.0,41.0,
Mozilla/5.0 (Windows NT 6.1; WOW64) SkypeUriPreview Preview/0.5,4.0,4.0,4.0,,,
Mozilla/5.0 (Windows NT 6.1; Win64; x64; rv:49.0) Gecko/20100101 Firefox/0D14,93.0,,,,,
Mozilla/5.0 (Windows NT 6.1; rv:31.0) Gecko/20100101 Firefox/5218,7.0,,,,,
Mozilla/5.0 (Windows NT 6.1; rv:49.0) Gecko/20100101 Firefox/973F,37.0,,,,,
Mozilla/5.0 (Windows NT 6.1; rv:49.0) Gecko/20100101 Firefox/C682,6.0,,,,,
GooglePlusBot,7.0,,,1.0,,
StatusCakeBot,1010.0,281.0,279.0,,,
Mozilla/5.0 (Windows NT 6.3; WOW64) AppleWebKit/OPERA  OPR/31.0.1889.74 (Edition beta)/do not chase me,325.0,,,,,
Leikibot,5.0,2.0,18.0,,10.0,
Netscape,1580.0,185.0,10334.0,17.0,3058.0,
QtWeb,4.0,,,,6.0,
Webcrawler,36.0,2.0,58.0,,,
Mozilla/5.0 (Windows; U; Windows NT 5.1; en-US; rv:1.9.2) Gecko/20100115 Google Android/Nougat 7.0a,144.0,,,,,
Mozilla/5.0 (Windows; U; Windows NT 6.1; en-US; rv:1.9.3a3pre) Gecko/20100306 Firefox3.6 (.NET CLR 3.5.30729),1.0,,,,,
Mozilla/5.0 (Windows; U; Windows NT 6.1; rv:2.2) Gecko/20110201,1.0,,4.0,,,
Mozilla/5.0 (Windows; U; Windows NT 6.2; de; rv:1.9.2.3) Gecko/20101201 Songbird/1.12.1 (20140111214227),2.0,,,,,
Konqueror,74.0,44.0,88.0,108.0,10.0,
Iceweasel,813.0,737.0,717.0,2377.0,1500.0,
Iceape,72.0,,,,,
WordPress,24740.0,4776.0,4773.0,72.0,343.0,
pingbot,45.0,100.0,251.0,,,
qutebrowser,3.0,1.0,,2.0,,
Galeon,110.0,,2.0,7.0,9.0,
Mozilla/5.0 (X11; U; Linux i686; en-US; rv:1.6) Gecko/20040413 Debian/1.6-5,1.0,,,,,
Mozilla/5.0 (X11; U; Linux i686; en-US; rv:1.7.13) Gecko/20060417,1.0,,1.0,,,
Firefox (Namoroka),2.0,,3.0,355.0,1569.0,
Mozilla/5.0 (X11; U; Linux x86_64; uk-UA; rv:1.8.6),1.0,,,,,
Mozilla/5.0 (X11; U; SunOS sun4u; en-US; rv:1.7) Gecko/20070606,1.0,,1.0,,,
Mozilla/5.0 (compatible),1.0,6.0,1.0,,,
Mozilla/5.0 (compatible) rce.veeseo.com page analyzer; (+http://www.veeseo.com/en/products/relevant-content-technology),5.0,,,,,
Mozilla/5.0 (compatible; Chirp/1.0; +http://www.binarycanary.com/chirp.cfm),590.0,232.0,,,,
Mozilla/5.0 (compatible; CloudFlare-AlwaysOnline/1.0; +http://www.cloudflare.com/always-online) AppleWebKit/534.34,27.0,55.0,330.0,,,
DotBot,4.0,,,,,
Mozilla/5.0 (compatible; Embedly/0.2; +http://support.embed.ly/),120.0,3.0,2.0,,,
Mozilla/5.0 (compatible; Embedly/0.2; snap; +http://support.embed.ly/),55.0,12.0,14.0,,,
Mozilla/5.0 (compatible; Google-Apps-Script),516.0,503.0,79.0,,,
Mozilla/5.0 (compatible; Google-Structured-Data-Testing-Tool +https://search.google.com/structured-data/testing-tool),1.0,12.0,7.0,,,
Exabot,1.0,,3.0,1.0,1.0,
Mozilla/5.0 (compatible; MovaTwitter; http://movatwitter.jp),19.0,,,,,
io bot,894.0,,,,3.0,
crawler,381.0,29.0,81.0,9.0,,
Mozilla/5.0 (compatible; PEAR HTTP_Request class; http://www.gadgets.jp/mobile/pcbrowser/),227.0,32.0,12.0,,,
Mozilla/5.0 (compatible; PEAR HTTP_Request class; http://www.rcdtokyo.com/pc2m/),1025.0,479.0,898.0,,,
PaperLiBot,1.0,1.0,6.0,,,
SemrushBot,3.0,5.0,95.0,,,
Taboolabot,1.0,,,4.0,,
UptimeRobot,43813.0,405.0,484.0,50361.0,,
YandexBot,1.0,319.0,1.0,13.0,15.0,
YandexImages,1.0,,,,,
Mozilla/5.0 (compatible; Znaptag Bovine 1.0),2.0,,,,,
archive.org_bot,1211109.0,6633606.0,1993950.0,21919.0,56592.0,1238598.0
Mozilla/5.0 (compatible; archive_pukiwiki),1.0,,,,,
bingbot,1.0,,,1.0,1.0,
Mozilla/5.0 (compatible; http://c7.fc2.com/about.html) mfc2/1.0,58.0,31.0,13.0,,,
oBot,16.0,,,,1.0,
redditbot,3.0,4.0,41.0,1.0,,
Mozilla/5.0 (compatible; um-LN/1.0; mailto: techinfo@ubermetrics-technologies.com),1.0,,,,,
Mozilla/5.0 (en-us;),2.0,10.0,,,,
webOS Browser,35.0,,,1.0,2.0,
Mobile Safari,61321.0,53474.0,229480.0,60230.0,50506.0,
Google,1475.0,1181.0,11819.0,1200.0,1202.0,
Chrome Mobile iOS,5740.0,7294.0,24811.0,10385.0,7597.0,
Firefox iOS,452.0,1597.0,3754.0,,,
YandexMobileBot,78.0,976.0,68.0,2.0,,
Mozilla/5.0 PhantomJS (compatible; Seznam screenshot-generator 2.1; +http://fulltext.sblog.cz/screenshot/),1.0,,3.0,,,
Mozilla/5.0+(X11;+U;+Linux+i686;+en-US;+rv:1.7.3)+Gecko/20040922,1.0,,,,,
Mozilla/6.0 (compatible),1.0,,,,,
NINJA bot,1.0,16.0,114.0,,,
NSPlayer,6.0,2.0,,4.0,,
Needle/0.11.0 (Node.js v0.10.36; linux x64),1.0,,,,,
NetSurf/1.1 (Linux; i686),1.0,,,,,
Newscred-Analytics-Worker/1.0,2.0,,,,,
Nokia Services (WAP) Browser,49.0,60.0,33.0,10.0,7.0,
Nutch,40.0,,,3.0,,
OpenBSD ftp,30391.0,,,,,
Opera Tablet,4.0,,,2.0,7.0,
Opera/hokan,4731.0,40328.0,7004.0,,,
OruxMaps v.6.5.10 Donate,1.0,,,,,
PHP/5.4.45,3.0,,,,,
POE-Component-Client-HTTP/0.895 (perl; N; POE; en; rv:0.895000),2.0,1.0,,,,
POE-Component-Client-HTTP/0.945 (perl; N; POE; en; rv:0.945000),1.0,2.0,1.0,,,
Pcore-HTTP/v0.24.5,4.0,,,,,
PeerJ Link Archiver,57.0,7.0,170.0,,,
js bot,14.0,3.0,,,,
Photon/1.0,109.0,3.0,,,,
PodcastAddict,83.0,,,,,
Python-urllib,8125.0,21740.0,20184.0,7411.0,1389.0,
RaygunPulseInsightsCrawler,10.0,,,,,
Readability/f00b68 - http://readability.com/about/,1.0,,,,,
Redditor,2.0,,,23.0,,
Redditur iOS App by /u/stevewilber,42.0,,,,,
Relay by /u/DBrady v8.0.394,1.0,,,,,
Ruby,11182.0,19416.0,1544.0,,,
CFNetwork,5.0,4.0,6.0,,,
Screaming Frog SEO Spider,6.0,,1.0,,,
SetCronJob/1.0 (+http://www.setcronjob.com/),34.0,,,,,
SiteSucker for OS X/2.8.4,19.0,,,,,
SiteSucker/2.4.6,3.0,,,,,
SiteSucker,65.0,,,,,
SiteUptime.com,26.0,95.0,50.0,,,
SklikBot,4.0,14.0,,,1.0,
Slack-ImgProxy,11.0,,14.0,,,
Slack,1.0,,,,,
Slackbot-LinkExpanding,1.0,5.0,28.0,,,
SmartAsset/Captivate/0.1,2.0,,,,,
SocialRankIOBot,1.0,,,,,
"Sorry for the load, but Finland has decided to be a jerk next week",29.0,,,,,
Space Bison,82.0,,,,,
Stratagems Kumo,19.0,,,,,
TasBot,2.0,2.0,,,1.0,
This is a Bot,95.0,,,,,
TimeTravelAggregator-lanl;Browser,2.0,,,,,
TweetSave/0.1 (+http://tweetsave.com/),2545.0,15.0,2558.0,,,
Twitterbot,57.0,44.0,,16.0,,
Ubuntu APT-HTTP,1.0,,,2.0,1.0,
Uzbl,54.0,,,1.0,3.0,
VLC,12.0,,1.0,,,
WWW-Mechanize/1.73,8.0,24.0,48.0,,,
WashFramework,2.0,,,,,
Watchbot monitoring robot,1996.0,322.0,454.0,,,
WaybackRebuilder.com/1.0,210.0,1495.0,25.0,,,
WebKit2HTML/1.0,23384.0,,,,,
Wget,21169.0,112692.0,884542.0,41166.0,412.0,
Windows-Media-Player/12.0.7601.23517,6.0,,,,,
"Word/15.19.212 (Mac OS/10.10.5; Desktop; en-US; NonAppStore; Apple/iMac12,2)",2.0,,,,,
Xenu Link Sleuth,13.0,7.0,,2.0,,
Zapier,139.0,28.0,,,,
adactio.com,2.0,,1.0,,,
amaya/9.51 libwww/5.4.0,1.0,,,,,
aria2,1.0,,,,,
com.apple.Safari.WebFeedParser,19.0,,,,,
contype,8.0,,,,,
expo9,18.0,33.0,,,,
gvfs/1.28.2,2.0,,,,,
haskell-HTTP/4000.2.17,301.0,412.0,123.0,,,
http://Anonymouse.org/ (Unix),2048.0,2366.0,1047.0,,,
iAlien,3.0,,,300.0,,
ia_archiver,909.0,97.0,194.0,196.0,130.0,
kinja-links,1.0,,1.0,,,
"lima-premium.de cronjob runner/0.1 (job id 233, abuse@lima-city.de, 457853ff)",1.0,,,,,
"lima-premium.de cronjob runner/0.1 (job id 234, abuse@lima-city.de, 097951d5)",1.0,,,,,
"lima-premium.de cronjob runner/0.1 (job id 235, abuse@lima-city.de, 98695e78)",1.0,,,,,
ltx71 - (http://ltx71.com/),3.0,,44.0,,,
monitor-e1495bda,601.0,603.0,604.0,,,
montastic-monitor http://www.montastic.com,184.0,141.0,157.0,,,
mozilla,63.0,85.0,1703.0,,,
mozilla/4.0 (compatible; msie 6.0; windows 98; ypc 3.0.2; yplus 4.4.01d),1.0,,,,,
okhttp,34.0,4098869.0,8.0,158.0,,
pastpages.org (ben.welsh@gmail.com),560.0,,,,,
Python Requests,26603.0,92122.0,23673.0,827.0,79.0,
reddit is fun (Android) 4.2.13,143.0,,,,,
reddit is fun (Android) 4.2.9,4.0,,,,,
savepagenow (https://github.com/pastpages/savepagenow),2.0,1802.0,76.0,,,
scrutiny/6,1.0,,,,,
sentry/8.8.0 (https://sentry.io),4.0,,,,,
spider,6.0,3.0,,,,
spray-can/1.3.3,1.0,,,,,
twinkle,12.0,,,,,
vobsub,1.0,,,,,
w3m/0.5.1,1.0,,,,,
waybackmachinedownloader,967.0,657.0,16960.0,,,
.,,62.0,191.0,,,
LinkArchiver twitter bot,,28505.0,,,,
archiver,,7.0,9523.0,,,
AA-Site-Audit-Crawler,,15.0,,,,
AR / Brand Safety and Contextual Categorization,,1.0,,,,
Amber/1.0 (+http://box353.bluehost.com http://amberlink.org/fetcher),,12.0,35.0,,,
Amber/1.0 (+http://siteground222.com http://amberlink.org/fetcher),,8.0,,,,
Amber/1.0 (+http://vps251659.ovh.net http://amberlink.org/fetcher),,3.0,27.0,,,
Amber/1.0 (+http://web2.lishost.org http://amberlink.org/fetcher),,54.0,,,,
Amber/1.0 (+http://www.netzpolitik.org http://amberlink.org/fetcher),,45.0,230.0,,,
AmigaVoyager/3.4.4 (MorphOS/PPC native),,1.0,,,,
BROWSER,,1.0,,,,
Chrome 41.0.2227.0,,4020.0,1344.0,,,
Chrome 41.0.2227.1,,4010.0,1281.0,,,
Chrome 41.0.2228.0,,3979.0,1390.0,,,
Chromeless 1.3.0,,6.0,,,,
Crowsnest/0.5 (+http://www.crowsnest.tv/),,1.0,,,,
Dillo,,45.0,,13.0,,
Falcon,,1.0,4.0,,,
FeedFetcher-Google; (+http://www.google.com/feedfetcher.html),,1.0,3.0,,,
Feedreader 3.14 (Powered by Newsbrain),,84.0,,,,
Firefox 33.0,,4072.0,1347.0,,,
Firefox 36.0,,4051.0,1275.0,,,
Firefox 40.1,,3916.0,1297.0,,,
GarlikCrawler,,10.0,,,,
HTTPie/0.9.8,,1.0,,,,
Hola cdn/1.67.415,,41.0,,,,
Honeybadger,,2.0,,,,
HttpComponents/1.1,,3.0,,,,
InDesign%20CC,,2.0,,,,
Jetty/9.3.z-SNAPSHOT,,3.0,,,,
"Kaguya 0.1/Basic HTML (XHTML 1.0, HTML 4.0)/NoScript/NoFont/Paginate/Desktop",,238.0,,,,
Known https://withknown.com,,11.0,24.0,,,
MIT-ALI-2017,,8.0,,,,
Microsoft Internet Explorer/4.0b1 (Windows 95),,6.0,,,,
Microsoft Office PowerPoint 2013,,1.0,,,,
Microsoft Office Protocol Discovery,,1.0,,,,
MobileSafari,,1.0,,3.0,2.0,
Mozilla 6.0,,2.0,,,,
MyIE2,,2.0,,,,
Mozilla/4.0 (compatible; Win32; WinHttp.WinHttpRequest.5),,1.0,,,,
Geograph LinkCheck Bot,,13.0,1.0,,,
Instagram,,128.0,2159.0,,,
Whale,,486.0,688.0,,,
Snapchat,,6.0,21.0,,,
WebPageTest.org bot,,55.0,830.0,,,
SiteCon,,113.0,,,,
Applebot,,3.0,122.0,,,
crawl_policy,,3.0,,,,
Mozilla/5.0 (Macintosh; Intel Mac OS X),,2.0,,,,
Sailfish Browser,,16.0,2.0,10.0,,
"Mozilla/5.0 (PlayStation 4 5.00) AppleWebKit/601.2 (KHTML, like Gecko)",,67.0,,,,
"Mozilla/5.0 (PlayStation 4 5.01) AppleWebKit/601.2 (KHTML, like Gecko)",,11.0,,,,
Opera Neon,,7.0,5.0,,,
Mozilla/5.0 (Windows NT 10.0; WOW64) FeelingSurfViewer/0.0.1,,7.0,,,,
Mozilla/5.0 (Windows NT 10.0; WOW64; rv:52.0) Gecko/20100101 Zotero/5.0.23,,1.0,,,,
HeadlessChrome,,6015.0,10568.0,,,
Mozilla/5.0 (Windows NT 10.0; Win64; x64; rv:56.0) Gecko/20100101 Firefox/8BEE,,8.0,,,,
Mozilla/5.0 (Windows NT 5.1) BrokenLinkCheck.com/1.1,,3.0,,,,
GmailImageProxy,,1.0,1.0,,34.0,
Comodo Dragon,,1.0,,,,
Tailbot,,12.0,13.0,,,
Otter,,3.0,82.0,,2.0,
Mozilla/5.0 (Windows NT 6.1; Win64; x64; rv:55.0) Gecko/20100101 Firefox/E1AD,,1.0,,,,
Mozilla/5.0 (Windows; U; Win95; en-US; rv:1.0.1) Gecko/20020826,,226.0,,,,
Mozilla/5.0 (Windows; U; WinNT4.0; en-US; rv:1.2b) Gecko/20021016 K-Meleon 0.7,,11.0,,,,
Mozilla/5.0 (Windows; U; Windows NT 5.0; en-US; rv:1.4b) Gecko/20030516 Mozilla Firebird/0.6,,2.0,,,,
Mozilla/5.0 (Windows; U; Windows NT 5.1; en-US; rv:1.2a) Gecko/20020910,,1.0,,,,
Orca,,6.0,,,,
Rekonq,,2.0,,9.0,11.0,
"Mozilla/5.0 (X11; Linux x86_64) AppleWebKit/534.34 (KHTML, like Gecko) Qt/4.8.2",,17.0,,,,
Mozilla/5.0 (X11; U; Linux armv6l; en-US; rv: 1.9.1a2pre) Gecko/20080813221937 Prism/0.9.1,,1.0,,,,
Mozilla/5.0 (X11; U; Linux x86_64; en-US; rv:1.9.1.16) Gecko,,3.0,1.0,,,
AhrefsBot,,967.0,3299.0,,,
BomboraBot,,65.0,11.0,,,
Mozilla/5.0 (compatible; Cloudflare-AMP/1.0; +https://amp.cloudflare.com/doc/fetcher.html) AppleWebKit/534.34,,13.0,81.0,,,
Discordbot,,4.0,,,,
Mozilla/5.0 (compatible; GoogleDocs; apps-spreadsheets; +http://docs.google.com),,48.0,,,,
robot,,14.0,,,,
Mozilla/5.0 (compatible; KZ BRAIN Mobile; http://servermobile.net) @123.108.237.113,,4.0,,,,
Mozilla/5.0 (compatible; KZ BRAIN Mobile; http://servermobile.net) @123.108.237.114,,2.0,,,,
Mozilla/5.0 (compatible; KZ BRAIN Mobile; http://servermobile.net) @123.108.237.115,,9.0,,,,
Mozilla/5.0 (compatible; KZ BRAIN Mobile; http://servermobile.net) @123.108.237.116,,2.0,,,,
Mozilla/5.0 (compatible; KZ BRAIN Mobile; http://servermobile.net) @123.108.237.117,,8.0,,,,
Mozilla/5.0 (compatible; KZ BRAIN Mobile; http://servermobile.net) @123.108.237.118,,1.0,,,,
Mozilla/5.0 (compatible; KZ BRAIN Mobile; http://servermobile.net) @123.108.237.119,,4.0,,,,
Mozilla/5.0 (compatible; KZ BRAIN Mobile; http://servermobile.net) @123.108.239.225,,7.0,,,,
Mozilla/5.0 (compatible; KZ BRAIN Mobile; http://servermobile.net) @123.108.239.226,,8.0,,,,
Mozilla/5.0 (compatible; KZ BRAIN Mobile; http://servermobile.net) @123.108.239.227,,4.0,,,,
Mozilla/5.0 (compatible; KZ BRAIN Mobile; http://servermobile.net) @123.108.239.228,,3.0,,,,
Mozilla/5.0 (compatible; KZ BRAIN Mobile; http://servermobile.net) @123.108.239.229,,1.0,,,,
Mozilla/5.0 (compatible; KZ BRAIN Mobile; http://servermobile.net) @123.108.239.230,,3.0,,,,
Mozilla/5.0 (compatible; KZ BRAIN Mobile; http://servermobile.net) @123.108.239.231,,9.0,,,,
Mozilla/5.0 (compatible; KZ BRAIN Mobile; http://servermobile.net) @123.108.239.237,,1.0,,,,
Mozilla/5.0 (compatible; KZ BRAIN Mobile; http://servermobile.net) @124.146.175.177,,4.0,,,,
Mozilla/5.0 (compatible; KZ BRAIN Mobile; http://servermobile.net) @124.146.175.178,,6.0,,,,
Mozilla/5.0 (compatible; KZ BRAIN Mobile; http://servermobile.net) @210.136.161.14,,1.0,,,,
MJ12bot,,998.0,,,27.0,
Onespot-ScraperBot,,8.0,,,,
Pinterestbot,,1.0,,,,
YandexMetrika,,4.0,19.0,,,
Yeti,,1.0,11.0,,,
fr_bot,,1.0,,,,
heritrix,,2.0,11.0,,,
contxbot,,4.0,26.0,,,
Opera Coast,,1.0,9.0,10.0,1.0,
Mozilla/5.0 (jig browser10i 1.1.7; SH07F; 2037),,1.0,,,,
"Mozilla/5.0 AppleWebkit/534.30 (KHTML, like Gecko) Version/4.0 Mobile",,1.0,,,,
Mozilla/55 (Windows NT 10.0; WOW64; rv:55.0) Gecko/20100101 Firefox/55,,15.0,,,,
Mozilla/6.0,,1.0,,,,
Mr.4x3 Powered,,144.0,20.0,,,
Nag/1.0,,28.0,,,,
Skype,,1.0,,,,
ONOFFMIX_CRON,,1.0,1.0,,,
Ocarinabot,,9.0,,,,
PHP-Browser/1.0,,4.0,38.0,,,
PHP/5.4,,2091.0,254.0,,,
PHP/7.1,,11.0,29.0,,,
Pcore-HTTP/v0.44.0,,2.0,,,,
Pinkie/3.14159265358979323846,,41.0,,,,
PocketParser/2.0 (+https://getpocket.com/pocketparser_ua),,2.0,39.0,,,
Puerto Rico recovery tracker bot,,4.0,5.0,,,
Pulpix / www.pulpix.com,,6.0,,,,
Python Wayback Backup API-Client,,35382.0,,,,
Raygun SourceMaps,,1.0,,,,
Reddit/Version 2.6.0/Build 200033/iOS Version 10.1.1 (Build 14B100),,1.0,,,,
SMUrlExpander,,4.0,,,,
Safari 5.1.7,,3999.0,1352.0,,,
Safari 6.0,,4032.0,1426.0,,,
Safari 7.0.3,,4118.0,1386.0,,,
SiteSucker for macOS/2.10.6,,3.0,,,,
StatusCake_Pagespeed_Indev,,171.0,891.0,,,
Sucuri Uptime Monitor,,9.0,,,,
TelegramBot,,5.0,4.0,1.0,,
TorBrowser,,145.0,,,,
Wayback_Machine_Android/1.4.5,,3.0,2.0,,,
WebTrends/3.0 (WinNT),,2.0,,,,
admantx-adform/2.4 (+http://www.admantx.com/service-fetcher.html),,486.0,,,,
admantx-usaspb/2.4 (+http://www.admantx.com/service-fetcher.html),,13.0,,,,
admantx-ussy02/2.4 (+http://www.admantx.com/service-fetcher.html),,5.0,,,,
baiduspider,,37.0,26.0,,,
bitlybot,,1.0,,,,
cURL Request,,52.0,,,,
check_http/v1.5 (nagios-plugins 1.5),,16.0,16.0,,,
diffengine/0.0.42 (+https://github.com/docnow/diffengine),,3574.0,,,,
diffengine/0.1.0 (+https://github.com/docnow/diffengine),,2413.0,42.0,,,
frendy,,204.0,,,,
github-camo (df02412a),,20.0,,,,
haskell-HTTP/4000.3.5,,8.0,,,,
hoverowl_capture,,1.0,,,,
kontextR,,3.0,,,,
msnbot,,6.0,,,,
newspaper/0.0.9.8,,1.0,,,,
newspaper/0.2.2,,1.0,,,,
panscient.com,,1.0,,,,
ping.blo.gs/2.0,,6.0,,,,
rest-client/2.0.0 (linux-gnu x86_64) ruby/2.2.4p230,,23.0,11.0,,,
rest-client/2.0.2 (linux-gnu x86_64) ruby/2.2.4p230,,1.0,1.0,,,
sentry/8.18.0 (https://sentry.io),,4310.0,507.0,,,
silbird4,,4.0,,,,
simplereach/1.1 (+http://simplereach.com/docs/agent),,1.0,,,,
updown.io daemon 2.2,,852.0,,,,
www.ru,,5.0,,,,
DuckDuckBot,,,63.0,,,
12345,,,9.0,,,
;__CT_JOB_ID__:70ffb3b8-897a-48f0-8733-c4e9f835a823;,,,2.0,,,
;__CT_JOB_ID__:90157d62-58e4-4d21-a74f-41864888c83e;,,,2.0,,,
;__CT_JOB_ID__:a918f96a-396e-43e0-8b35-11549d4d580a;,,,2.0,,,
;__CT_JOB_ID__:ceb2e7bc-9831-4c4c-a7ab-f4fac5902a34;,,,2.0,,,
;__CT_JOB_ID__:dd91bd31-bdaa-42c8-ab1c-f2c01b8518d3;,,,2.0,,,
AdDefend Site Context Crawler,,,12.0,,,
Amber/1.0 (+http://cmsw.mit.edu http://amberlink.org/fetcher),,,2.0,,,
Amber/1.0 (+http://it7.siteground.eu http://amberlink.org/fetcher),,,3.0,,,
Amber/1.0 (+http://newberg http://amberlink.org/fetcher),,,14.0,,,
Amber/1.0 (+http://web1.globalvoices.org http://amberlink.org/fetcher),,,764.0,,,
AppleCoreMedia/1.0.0.18A391 (Macintosh; U; Intel Mac OS X 10_14; it_it),,,1.0,,,
AppleCoreMedia/1.0.0.18A391 (Macintosh; U; Intel Mac OS X 10_14; zh_tw),,,1.0,,,
Baidu Spider,,,4.0,,,
Bandwidth-Hero Compressor,,,26.0,,,
CMCC M812C_LTE /1.0 Linux/3.4.0 Android/4.4.2 Release/09.22.2014 Browser/AppleWebKit534.30 Profile/MIDP-2.0 Configuration/CLDC-1.1,,,20.0,,,
Contently,,,6.0,,,
DISCo Pump 3.3,,,559.0,,,
DoCoMo/2.0 P04C(c500;TB;W24H16),,,1.0,,,
DropboxSaver/1.0,,,2.0,,,
EasyBib AutoCite (http://autocite-info.citation-api.com/),,,1.0,,,
FGX WayScan 0.4 (info@foregenix.com),,,2.0,,,
FLYCOM61D_11C_HW (abadkd) MAUI.11C.W13.52.MP.V13.F1 Release/2017.07.26 WAP Browser/MAUI Profile/  Q03C1-2.40 en-US,,,20.0,,,
FUCKING CLOUDFLARE!,,,15216.0,,,
Slurp,,,4.0,,,
Google-Calendar-Importer,,,1.0,,,
Google-speakr,,,2.0,,,
Hatena-Favicon2 (http://www.hatena.ne.jp/faq/),,,3.0,,,
Hatena::UserAgent/0.02,,,4.0,,,
Huginn - https://github.com/huginn/huginn,,,119.0,,,
Instagram 68.0.0.11.99 Android (23/6.0.1; 320dpi; 720x1280; samsung; SM-S327VL; j3popltetfnvzw; qcom; en_US; 128676146),,,3.0,,,
JC,,,2.0,,,
Jaunt/1.5,,,5.0,,,
Lenovo-A880/S100 Linux/3.4.5 Android/4.2 Release/08.07.2013 Browser/AppleWebKit 534.30 Profile/ Configuration;,,,1.0,,,
Manzama Fetcher/2.0,,,352.0,,,
Mechanize/2.7.6 Ruby/2.4.2p198 (http://github.com/sparklemotion/mechanize/),,,10.0,,,
Monazilla/1.00 JaneStyle/4.00 Windows/10.0.17134,,,13.0,,,
MonitorBacklinksWP (+http://monitorbacklinks.com/blog/incoming-links/),,,1.0,,,
Mozila,,,5.0,,,
Bon Echo,,,228.0,24.0,8.0,
AOL,,,1.0,11.0,39.0,
SiteCheck-sitecrawl,,,1.0,,,
Mozilla/4.0 (compatible; Totalcmd; Windows 7),,,197.0,,,
Mozilla/4.0 (compatible; cron-job.org; http://cron-job.org/abuse/),,,4.0,,,
Mozilla/4.0 (compatible;HostTracker/2.0;+http://www.host-tracker.com/),,,3070.0,,,
Mozilla/4.01 (Compatible; Acorn Browse 1.25 [23-Oct-97] AW  97; RISC OS 4.39) Acorn-HTTP/0.84,,,1.0,,,
Mozilla/4.61 [jp] (OS/2; U),,,873.0,,,
Mozilla/4.7 (compatible; OffByOne; Windows 2000),,,1.0,,,
Espial,,,1.0,,,
Seznam prohlížeč,,,40.0,,,
SafecontentBot,,,20.0,,,
ID bot,,,15.0,,,
M bot,,,3.0,,,
TopBuzz,,,3.0,,,
Baidu Browser,,,12.0,8.0,,
Mozilla/5.0 (Macintosh; Intel Mac OS X) Word/14.24.0,,,1.0,,,
Mozilla/5.0 (Macintosh; Intel Mac OS X) Word/14.49.0,,,1.0,,,
RummbleLabsBot,,,1.0,,,
"Mozilla/5.0 (Nintendo Switch; WifiWebAuthApplet) AppleWebKit/601.6 (KHTML, like Gecko) NF/4.0.0.10.13 NintendoBrowser/5.1.0.17805",,,4.0,,,
Mozilla/5.0 (Windows NT 10.0; WOW64; rv:52.0) Gecko/20100101 AOLShield/52.4.2,,,14.0,,,
Basilisk,,,135.0,,,
Mozilla/5.0 (Windows NT 5.1; rv:52.0) Gecko/20100101 AOLShield/52.4.2,,,4.0,,,
Mozilla/5.0 (Windows NT 6.0; WOW64; rv:52.0) Gecko/20100101 AOLShield/52.4.2,,,6.0,,,
Mozilla/5.0 (Windows NT 6.1; Win64; x64; rv:62.0) Gecko/20100101 Firefox/2AEE,,,9.0,,,
IndeedBot,,,62.0,,,
Mozilla/5.0 (Windows NT; Windows NT 10.0; es-ES) WindowsPowerShell/5.1.17134.228,,,35.0,,,
Datanyze,,,29.0,,,
web-crawlers,,,6.0,,,
JobboerseBot,,,404.0,,,
Mozilla/5.0 (comparable),,,11.0,,,
SemanticScholarBot,,,10.0,,,
Mozilla/5.0 (compatible; AblidaNo5/0.1; +http://www.ablida.de/no5),,,1.0,,,
BLEXBot,,,12.0,,,
Jooblebot,,,16.0,,,
Mail.RU_Bot,,,21.0,,,
IE Large Screen,,,2.0,1.0,96.0,
net/bot,,,179.0,,,
Onespot-MetaBot,,,2.0,,,
Mozilla/5.0 (compatible; PR-CY.RU; + https://a.pr-cy.ru),,,4.0,,,
Patterbot,,,5991.0,,,
Mozilla/5.0 (compatible; Semiocast HTTP client; http://semiocast.com/),,,1.0,,,
Mozilla/5.0 (compatible; The Lounge IRC Client; +https://github.com/thelounge/lounge),,,2.0,,,
Mozilla/5.0 (compatible; The Lounge IRC Client; +https://github.com/thelounge/thelounge),,,2.0,,,
Mozilla/5.0 (compatible; TrendsmapResolver/0.1),,,9.0,,,
VoluumDSP-content-bot,,,124.0,,,
Mozilla/5.0 (compatible; Wappalyzer; +https://github.com/AliasIO/Wappalyzer),,,3.0,,,
Mozilla/5.0 (compatible; Yahoo Ad monitoring; https://help.yahoo.com/kb/yahoo-ad-monitoring-SLN24857.html)  yahoo.adquality.lwd.desktop/1540428891-0,,,1.0,,,
Mozilla/5.0 (compatible; Yahoo Ad monitoring; https://help.yahoo.com/kb/yahoo-ad-monitoring-SLN24857.html)  yahoo.adquality.lwd.desktop/1540436881-0,,,1.0,,,
Mozilla/5.0 (compatible; Yahoo Ad monitoring; https://help.yahoo.com/kb/yahoo-ad-monitoring-SLN24857.html)  yahoo.adquality.lwd.desktop/1540436883-0,,,2.0,,,
Mozilla/5.0 (compatible; Yahoo Ad monitoring; https://help.yahoo.com/kb/yahoo-ad-monitoring-SLN24857.html)  yahoo.adquality.lwd.desktop/1540436884-0,,,4.0,,,
Mozilla/5.0 (compatible; Yahoo Ad monitoring; https://help.yahoo.com/kb/yahoo-ad-monitoring-SLN24857.html)  yahoo.adquality.lwd.desktop/1540436885-0,,,3.0,,,
Mozilla/5.0 (compatible; Yahoo Ad monitoring; https://help.yahoo.com/kb/yahoo-ad-monitoring-SLN24857.html)  yahoo.adquality.lwd.desktop/1540436887-0,,,2.0,,,
Mozilla/5.0 (compatible; Yahoo Ad monitoring; https://help.yahoo.com/kb/yahoo-ad-monitoring-SLN24857.html)  yahoo.adquality.lwd.desktop/1540436888-0,,,1.0,,,
Mozilla/5.0 (compatible; Yahoo Ad monitoring; https://help.yahoo.com/kb/yahoo-ad-monitoring-SLN24857.html)  yahoo.adquality.lwd.desktop/1540436986-0,,,1.0,,,
Mozilla/5.0 (compatible; Yahoo Ad monitoring; https://help.yahoo.com/kb/yahoo-ad-monitoring-SLN24857.html)  yahoo.adquality.lwd.desktop/1540441783-0,,,1.0,,,
Mozilla/5.0 (compatible; Yahoo Ad monitoring; https://help.yahoo.com/kb/yahoo-ad-monitoring-SLN24857.html)  yahoo.adquality.lwd.desktop/1540441786-0,,,1.0,,,
Mozilla/5.0 (compatible; Yahoo Ad monitoring; https://help.yahoo.com/kb/yahoo-ad-monitoring-SLN24857.html)  yahoo.adquality.lwd.desktop/1540443223-0,,,1.0,,,
Mozilla/5.0 (compatible; Yahoo Ad monitoring; https://help.yahoo.com/kb/yahoo-ad-monitoring-SLN24857.html)  yahoo.adquality.lwd.desktop/1540443224-0,,,3.0,,,
Mozilla/5.0 (compatible; Yahoo Ad monitoring; https://help.yahoo.com/kb/yahoo-ad-monitoring-SLN24857.html)  yahoo.adquality.lwd.desktop/1540443225-0,,,3.0,,,
Mozilla/5.0 (compatible; Yahoo Ad monitoring; https://help.yahoo.com/kb/yahoo-ad-monitoring-SLN24857.html)  yahoo.adquality.lwd.desktop/1540443226-0,,,4.0,,,
Mozilla/5.0 (compatible; Yahoo Ad monitoring; https://help.yahoo.com/kb/yahoo-ad-monitoring-SLN24857.html)  yahoo.adquality.lwd.desktop/1540443227-0,,,1.0,,,
Mozilla/5.0 (compatible; Yahoo Ad monitoring; https://help.yahoo.com/kb/yahoo-ad-monitoring-SLN24857.html)  yahoo.adquality.lwd.desktop/1540452252-0,,,1.0,,,
Mozilla/5.0 (compatible; Yahoo Ad monitoring; https://help.yahoo.com/kb/yahoo-ad-monitoring-SLN24857.html)  yahoo.adquality.lwd.desktop/1540452253-0,,,6.0,,,
Mozilla/5.0 (compatible; Yahoo Ad monitoring; https://help.yahoo.com/kb/yahoo-ad-monitoring-SLN24857.html)  yahoo.adquality.lwd.desktop/1540452254-0,,,5.0,,,
Mozilla/5.0 (compatible; Yahoo Ad monitoring; https://help.yahoo.com/kb/yahoo-ad-monitoring-SLN24857.html)  yahoo.adquality.lwd.desktop/1540452255-0,,,2.0,,,
Mozilla/5.0 (compatible; Yahoo Ad monitoring; https://help.yahoo.com/kb/yahoo-ad-monitoring-SLN24857.html)  yahoo.adquality.lwd.desktop/1540452256-0,,,1.0,,,
Mozilla/5.0 (compatible; Yahoo Ad monitoring; https://help.yahoo.com/kb/yahoo-ad-monitoring-SLN24857.html)  yahoo.adquality.lwd.desktop/1540452257-0,,,2.0,,,
Mozilla/5.0 (compatible; Yahoo Ad monitoring; https://help.yahoo.com/kb/yahoo-ad-monitoring-SLN24857.html)  yahoo.adquality.lwd.desktop/1540452258-0,,,1.0,,,
Mozilla/5.0 (compatible; Yahoo Ad monitoring; https://help.yahoo.com/kb/yahoo-ad-monitoring-SLN24857.html)  yahoo.adquality.lwd.desktop/1540453181-0,,,1.0,,,
Mozilla/5.0 (compatible; Yahoo Ad monitoring; https://help.yahoo.com/kb/yahoo-ad-monitoring-SLN24857.html)  yahoo.adquality.lwd.desktop/1540453183-0,,,3.0,,,
Mozilla/5.0 (compatible; Yahoo Ad monitoring; https://help.yahoo.com/kb/yahoo-ad-monitoring-SLN24857.html)  yahoo.adquality.lwd.desktop/1540453184-0,,,2.0,,,
Mozilla/5.0 (compatible; Yahoo Ad monitoring; https://help.yahoo.com/kb/yahoo-ad-monitoring-SLN24857.html)  yahoo.adquality.lwd.desktop/1540453189-0,,,1.0,,,
Mozilla/5.0 (compatible; Yahoo Ad monitoring; https://help.yahoo.com/kb/yahoo-ad-monitoring-SLN24857.html)  yahoo.adquality.lwd.desktop/1540488851-0,,,1.0,,,
Mozilla/5.0 (compatible; Yahoo Ad monitoring; https://help.yahoo.com/kb/yahoo-ad-monitoring-SLN24857.html)  yahoo.adquality.lwd.desktop/1540488853-0,,,1.0,,,
Mozilla/5.0 (compatible; Yahoo Ad monitoring; https://help.yahoo.com/kb/yahoo-ad-monitoring-SLN24857.html)  yahoo.adquality.lwd.desktop/1540488854-0,,,1.0,,,
Mozilla/5.0 (compatible; Yahoo Ad monitoring; https://help.yahoo.com/kb/yahoo-ad-monitoring-SLN24857.html)  yahoo.adquality.lwd.desktop/1540488857-0,,,1.0,,,
Mozilla/5.0 (compatible; Yahoo Ad monitoring; https://help.yahoo.com/kb/yahoo-ad-monitoring-SLN24857.html)  yahoo.adquality.lwd.desktop/1540488859-0,,,1.0,,,
Mozilla/5.0 (compatible; Yahoo Ad monitoring; https://help.yahoo.com/kb/yahoo-ad-monitoring-SLN24857.html)  yahoo.adquality.lwd.desktop/1540488860-0,,,2.0,,,
YandexAccessibilityBot,,,67.0,,,
YandexAntivirus,,,1.0,2.0,2.0,
Mozilla/5.0 (compatible; tracemyfile/1.0),,,1.0,,,
Mozilla/5.0 (compatible; vkShare; +http://vk.com/dev/Share),,,14.0,,,
Mozilla/5.0 (compatible;netTrekker-Link-Checker-AAMS/1.0),,,69.0,,,
"Mozilla/5.0 (darwin) AppleWebKit/537.36 (KHTML, like Gecko) SUGGESTV",,,1.0,,,
1Password,,,3.0,2.0,,
MobileIron,,,2.0,,,
Refindbot,,,27.0,,,
Opendi Screenshot Bot bot,,,2.0,,,
PHP/5.5,,,4.0,,,
PocketImageCache/1.0,,,3.0,,,
Podcasts,,,1.0,,,
PostmanRuntime/7.3.0,,,2.0,,,
PrivacyBrowser/1.0,,,58.0,,,
Crawler,,,18.0,,,
Quora-Bot,,,80.0,,,
RyteBot,,,14.0,,,
SFDC-Callout/44.0,,,1302.0,,,
Save Page Request from WaybackEverywhere Browser Extension,,,566.0,,,
Seoradar,,,3.0,,,
Share,,,1.0,,,
ShortLinkTranslate,,,1.0,,,
SiteSucker for iOS/3.0.6,,,3.0,,,
Slackbot,,,2.0,,,
Sogou web spider,,,6.0,,,
Symfony BrowserKit,,,4.0,,,
Synapse/0.33.5.1,,,3.0,,,
SysOverdrive076,,,10.0,,,
Thumbor/6.5.1,,,1.0,,,
Tumblr/14.0.835.186,,,1.0,,,
Nokia,,,18.0,,,
Verion/1.0.5 (com.workhorsebytes.verion; build:2; iOS 12.0.0) Alamofire/4.5.1,,,1.0,,,
InternetArchive,,,693.0,,,
W3C html2txt (http://www.w3.org/services/html2txt),,,98.0,,,
WWW-Mechanize/1.86,,,5.0,,,
Wayback_Machine_iOS/2.7.2,,,20.0,,,
WhatsApp,,,1.0,,,
WinHttp-Autoproxy-Service/5.1,,,1.0,,,
admantx-adform/3.0 (+http://www.admantx.com/service-fetcher.html),,,3.0,,,
admantx-euaspb/3.0 (+http://www.admantx.com/service-fetcher.html),,,1.0,,,
admantx-sap/2.4 (+http://www.admantx.com/service-fetcher.html),,,2.0,,,
admantx-usasab/3.0 (+http://www.admantx.com/service-fetcher.html),,,2.0,,,
admantx-usaspb/3.0 (+http://www.admantx.com/service-fetcher.html),,,13.0,,,
admantx-ussy02/3.0 (+http://www.admantx.com/service-fetcher.html),,,41.0,,,
amrc,,,9.0,90.0,,
ceron.jp/1.0,,,1.0,,,
com.apple.WebKit.Networking,,,1.0,,,
curb,,,1.0,,,
diffengine/0.1.2 (+https://github.com/docnow/diffengine),,,632.0,,,
diffengine/0.1.3 (+https://github.com/docnow/diffengine),,,1953.0,,,
Investment Crawler,,,18.0,,,
eDintorni crawler,,,1.0,1.0,,
github-camo (65c9ebe0),,,21.0,,,
lyticsbot,,,14.0,,,
mediawords bot,,,4629.0,,,
mothra/Jul-10-17:33:30-EDT-2006,,,1.0,,,
newspaper/0.2.5,,,5.0,,,
newspaper/0.2.6,,,5.0,,,
node-XMLHttpRequest,,,1.0,,,
node-fetch/1.0 (+https://github.com/bitinn/node-fetch),,,5.0,,,
rest-client/2.0.2 (linux-gnu x86_64) ruby/2.4.2p198,,,15.0,,,
sentry/8.22.0 (https://sentry.io),,,4.0,,,
sentry/8.5.1 (https://getsentry.com),,,1.0,,,
spn-probe,,,37.0,,,
weborama-fetcher (+http://www.weborama.com),,,33.0,,,
"""WiseCron/1.2"" (via Wayback Save Page)",,,,1.0,,
(via Wayback Save Page),,,,264.0,37.0,
0.10850677805972742 (via Wayback Save Page),,,,19.0,,
5min.com (via Wayback Save Page),,,,1.0,2.0,
ADmantX Platform Semantic Analyzer - APAC - ADmantX Inc. - www.admantx.com - support@admantx.com (via Wayback Save Page),,,,1.0,,
ADmantX Platform Semantic Analyzer Appnexus - ADmantX Inc. - www.admantx.com - support@admantx.com (via Wayback Save Page),,,,10.0,,
ADmantX Platform Semantic Analyzer US Async - ADmantX Inc. - www.admantx.com - support@admantx.com (via Wayback Save Page),,,,1.0,,
AlienBlue,,,,15.0,,
Aliens,,,,2.0,,
Amber/1.0 (+http://Jeffreys-MBP.fios-router.home http://amberlink.org/fetcher) (via Wayback Save Page),,,,1.0,,
Amber/1.0 (+http://ip-10-170-94-168 http://amberlink.org/fetcher) (via Wayback Save Page),,,,9.0,,
AutoIt (via Wayback Save Page),,,,101.0,,
BPImageWalker/2.0 (www.bdbrandprotect.com) (via Wayback Save Page),,,,1.0,,
BREW-Applet/0x20068888 (BREW/3.1.5.20; DeviceId: 40188; Lang: zhcn) ucweb-squid (via Wayback Save Page),,,,2.0,,
Beam,,,,4.0,,
BlackBerry,,,,1.0,9.0,
Cron Service (ref: 5447; start: 1445814423; uuid: CYrL+XAEwMc05JYoVOXpIi26l/I=) (via Wayback Save Page),,,,1.0,,
Cronless/1.4 (+http://cronless.com) (via Wayback Save Page),,,,5.0,,
DAP 10 (via Wayback Save Page),,,,5.0,,
Disqus/1.0 (via Wayback Save Page),,,,22.0,8.0,
DoCoMo/2.0 CA01C(c500;TB;W24H16) (via Wayback Save Page),,,,1.0,,
DoCoMo/2.0 F02C(c500;TB;W24H16) (via Wayback Save Page),,,,1.0,3.0,
DoCoMo/2.0 F04D(c500;TB;W30H22) (via Wayback Save Page),,,,1.0,,
DoCoMo/2.0 F05C(c500;TC;W30H20) (via Wayback Save Page),,,,2.0,1.0,
DoCoMo/2.0 P01E(c500;TB;W24H16) (via Wayback Save Page),,,,1.0,,
DoCoMo/2.0 P01G(c500;TB;W24H16) (via Wayback Save Page),,,,1.0,,
DoCoMo/2.0 P04B(c500;TB;W24H16) (via Wayback Save Page),,,,2.0,,
DoCoMo/2.0 SH11C(c500;TB;W24H18) (via Wayback Save Page),,,,2.0,,
DropboxSaver/1.0 (via Wayback Save Page),,,,8.0,,
EventMachine HttpClient (via Wayback Save Page),,,,1.0,,
Feedfetcher-Google; (+http://www.google.com/feedfetcher.html; 1 subscribers; feed-id=1559833635836019440) (via Wayback Save Page),,,,1.0,,
Feedfetcher-Google; (+http://www.google.com/feedfetcher.html; 1 subscribers; feed-id=7213826754342370353) (via Wayback Save Page),,,,3.0,,
Feedfetcher-Google; (+http://www.google.com/feedfetcher.html; feed-id=7213826754342370353) (via Wayback Save Page),,,,1.0,,
Firefox (via Wayback Save Page),,,,567.0,5947.0,
GIDBot,,,,4.0,,
GIF%20Gallery,,,,1.0,,
GifYeah,,,,9.0,,
Go 1.1 package http (via Wayback Save Page),,,,2.0,2.0,
Greycite (via Wayback Save Page),,,,9.0,,
Hatena Antenna/0.5 (http://a.hatena.ne.jp/help) (via Wayback Save Page),,,,4122.0,,
IDownloaderPro_Apps4Stars,,,,2.0,,
IExplore (via Wayback Save Page),,,,12.0,,
Jakarta Commons-HttpClient/3.1 (via Wayback Save Page),,,,2.0,,
John's Background Switcher 4.9 (http://www.backgroundswitcher.com/) (via Wayback Save Page),,,,1.0,,
KD Bot,,,,15.0,,
Lenovo-A880/S100 Linux/3.4.5 Android/4.2 Release/08.07.2013 Browser/AppleWebKit 534.30 Profile/ Configuration; (via Wayback Save Page),,,,1.0,,
LivelapBot,,,,1.0,,
MetaURI API/2.0 +metauri.com (via Wayback Save Page),,,,1.0,,
Mozilla/0.6 Beta (Windows) (via Wayback Save Page),,,,4.0,,
Mozilla/3.01 (WinNT; I) [AXP] (via Wayback Save Page),,,,1.0,,
Mozilla/4.0 (compatible; Dillo 2.2) (via Wayback Save Page),,,,1.0,,
Mozilla/4.0 (compatible; MS FrontPage 6.0) (via Wayback Save Page),,,,6.0,,
Crazy Browser,,,,3.0,,
Mozilla/4.0 (compatible;) (via Wayback Save Page),,,,136.0,300.0,
Mozilla/4.0 (jig browser web; 1.0.4; 301SH) (via Wayback Save Page),,,,1.0,,
Mozilla/4.0 (jig browser9 1.5.1; P904i; 2006) (via Wayback Save Page),,,,4.0,,
Mozilla/4.0 (via Wayback Save Page),,,,3.0,,
Mozilla/4.5 (X11; U; Linux x86_64; en-US) (via Wayback Save Page),,,,4.0,,
Mozilla/4.8 [en] (X11; U; Linux 2.4.20-8 i686) (via Wayback Save Page),,,,3.0,,
Mozilla/5.0 (000000000; 0; 000 000 00 0 0000; 00000; 00000000000) DDDDDDDDDDDDDD DDDDDDDDDDDDDD (via Wayback Save Page),,,,1.0,,
Phantom Browser,,,,21.0,1.0,
"Mozilla/5.0 (Macintosh; Intel Mac OS X 10_10_1) (Macintosh; Intel Mac OS X 9_10_1) AppleWebKlt/537.36 (KHTML, like Cecko) Chrone/41.0.2227.1 Safarl/537.36 (via Wayback Save Page)",,,,15.0,,
Camino,,,,31.0,217.0,
Chimera,,,,1.0,,
"Mozilla/5.0 (PlayStation 4 3.00) AppleWebKit/537.73 (KHTML, like Gecko) (via Wayback Save Page)",,,,2.0,,
"Mozilla/5.0 (PlayStation 4 3.10) AppleWebKit/537.73 (KHTML, like Gecko) (via Wayback Save Page)",,,,190.0,,
RockMelt,,,,10.0,14.0,
Mozilla/5.0 (Windows NT 6.1; WOW64; rv:41.0) Gecko/20100101 Firefox/8F45 (via Wayback Save Page),,,,88.0,,
Mozilla/5.0 (Windows NT 6.1; rv:25.0) Gecko/20100101 Firefox/1C30 (via Wayback Save Page),,,,44.0,,
Mozilla/5.0 (Windows; U; Win 9x 4.90) Gecko/20020502 CS 2000 7.0/7.0 (via Wayback Save Page),,,,2.0,,
Mozilla/5.0 (Windows; U; WinNT4.0; en-US; rv:1.2) Gecko/20021126 (via Wayback Save Page),,,,2.0,,
Phoenix,,,,12.0,,
Mozilla/5.0 (Windows; U; Windows NT 5.0; en-NZ; rv:1.8.1b2) Gecko/20060925 Songbird/0.2 (via Wayback Save Page),,,,1.0,,
Mozilla/5.0 (Windows; U; Windows NT 5.1; en-US; rv:1.8) Gecko/20060206 Songbird/0.1 (via Wayback Save Page),,,,1.0,,
Mozilla/5.0 (Windows; U; Windows NT 5.1; en-US; rv:1.9) Gecko/2008052906 K-MeleonCCFME 0.09 (via Wayback Save Page),,,,2.0,,
Mozilla/5.0 (X11; Linux x86_64) AppleWebKit/538.15+ Surf/0.6 (via Wayback Save Page),,,,1.0,,
Mozilla/5.0 (X11; U; Linux armv6l; en-US; rv: 1.9.1a2pre) Gecko/20080813221937 Prism/0.9.1 (via Wayback Save Page),,,,1.0,,
"Mozilla/5.0 (X11; U; Linux i686; en-US) AppleWebKit/420+ (KHTML, like Gecko) (via Wayback Save Page)",,,,2.0,,
Mozilla/5.0 (X11; U; Linux i686; en-US; rv:1.8.0.4) Gecko/20061019 pango-text (via Wayback Save Page),,,,2.0,,
Mozilla/5.0 (X11; U; Linux i686; en-US; rv:1.8.1b2) Gecko/20060925 Songbird/0.2.5.1 (20070301190953) (via Wayback Save Page),,,,1.0,,
Kazehakase,,,,1.0,1.0,
Mozilla/5.0 (X11; U; Linux i686; en-US; rv:1.9.0.2pre) Gecko/2009031304 Spicebird/0.7.1 (via Wayback Save Page),,,,2.0,,
ThunderBrowse,,,,1.0,,
Mozilla/5.0 (X11; U; Linux x86_64; en-US; rv:1.9.0.10) Gecko/2009043012 Songbird/1.2.0 (20090616030052) (via Wayback Save Page),,,,1.0,,
Mozilla/5.0 (X11; Ubuntu; Linux x86_64; rv:36.0) Gecko/20100101 SlimerJS/0.9.5 (via Wayback Save Page),,,,1.0,,
Mozilla/5.0 (compatible) (via Wayback Save Page),,,,59.0,,
Mozilla/5.0 (compatible;  Page2RSS/0.7; +http://page2rss.com/) (via Wayback Save Page),,,,65.0,7.0,
Mozilla/5.0 (compatible; CloudFlare-AlwaysOnline/1.0; +http://www.cloudflare.com/always-online) AppleWebKit/534.34 (via Wayback Save Page),,,,13.0,2.0,
CouponBot,,,,1.0,,
Mozilla/5.0 (compatible; Google AppsViewer; http://drive.google.com) (via Wayback Save Page),,,,2.0,,
Mozilla/5.0 (compatible; Google-Apps-Script) (via Wayback Save Page),,,,930.0,571.0,
Mozilla/5.0 (compatible; Image2play/0.1; +http://image2play.com/) (via Wayback Save Page),,,,13.0,9.0,
Kruxbot,,,,2.0,,
Mozilla/5.0 (compatible; MSIE or Firefox mutant; not on Windows server;) (via Wayback Save Page),,,,2.0,,
Daumoa,,,,29.0,,
OpenHoseBot,,,,1.0,,
Mozilla/5.0 (compatible; PEAR HTTP_Request class; http://www.rcdtokyo.com/pc2m/) (via Wayback Save Page),,,,6.0,,
Rakutenbot,,,,1.0,2.0,
Mozilla/5.0 (compatible; archive_pukiwiki) (via Wayback Save Page),,,,14.0,,
uMBot,,,,2.0,,
Mozilla/5.0 (jig browser core; SH06B) (via Wayback Save Page),,,,2.0,,
Mozilla/5.0 (via Wayback Save Page),,,,11.0,20.0,
Mozilla/5.0 PhantomJS (compatible; Seznam screenshot-generator 2.1; +http://fulltext.sblog.cz/screenshot/) (via Wayback Save Page),,,,1.0,,
Mozilla/5.0(Windows;N;Win98;m18)Gecko/20010124 (via Wayback Save Page),,,,1.0,,
Mozilla/8.0 (Windows 2008 SP32 + 3patch) (via Wayback Save Page),,,,12.0,,
NativeHost (via Wayback Save Page),,,,4.0,,
OpenOffice/4.0.1 (via Wayback Save Page),,,,3.0,,
OpenOffice/4.1.1 (via Wayback Save Page),,,,7.0,,
Opera (via Wayback Save Page),,,,1.0,,
Opera/hokan (via Wayback Save Page),,,,2158.0,,
Photon/1.0 (via Wayback Save Page),,,,179.0,2.0,
LG Player,,,,1.0,,
Private Data (via Wayback Save Page),,,,1.0,,
Puffin%20Free,,,,1.0,,
PycURL,,,,7.0,,
QuickTime,,,,4.0,9.0,
Readit for WP - Reddit Client - v 1.5 (via Wayback Save Page),,,,3.0,,
Redd,,,,1.0,,
RedditAlbumViewer,,,,1.0,,
RedditPics,,,,2.0,,
Reddit_Image_Scraper,,,,4.0,,
Redditur iOS App by /u/stevewilber (via Wayback Save Page),,,,149.0,,
Reddpics 1.0 by /u/lurchpop (via Wayback Save Page),,,,1.0,,
Ruby (via Wayback Save Page),,,,18718.0,1055.0,
SearchBloxIntra (via Wayback Save Page),,,,3.0,,
SetCronJob/1.0 (+http://www.setcronjob.com/) (via Wayback Save Page),,,,46.0,13.0,
ShareExtension,,,,5.0,,
SiteSucker for OS X/2.6.5 (via Wayback Save Page),,,,8.0,,
SiteSucker for OS X/2.7.3 (via Wayback Save Page),,,,21.0,,
SiteSucker/2.3.6 (via Wayback Save Page),,,,104.0,55.0,
Surf/0.4.1 (X11; U; Unix; en-US) AppleWebKit/531.2+ Compatible (Safari) (via Wayback Save Page),,,,1.0,,
Teleport Pro/1.70 (via Wayback Save Page),,,,197.0,,
Time%20for%20Pics,,,,1.0,,
Trend Match/1.0 (via Wayback Save Page),,,,1.0,,
TweetSave/0.1 (+http://tweetsave.com/) (via Wayback Save Page),,,,240.0,417.0,
URL Status Checker/0.1 (via Wayback Save Page),,,,1102.0,1178.0,
VideoDownloaderDevstarFree,,,,1.0,,
Vital Source Rescuing Bot,,,,10717.0,,
WWW-Mechanize/1.72 (via Wayback Save Page),,,,1.0,,
WWW-Mechanize/1.73 (via Wayback Save Page),,,,26.0,,
"Word/15.13.807 (Mac OS/10.10.4; Desktop; en-US; NonAppStore; Apple/MacBookPro12,1) (via Wayback Save Page)",,,,2.0,,
contype (via Wayback Save Page),,,,5.0,19.0,
expo9 (via Wayback Save Page),,,,3.0,,
gzip (via Wayback Save Page),,,,1.0,,
haskell-HTTP/4000.2.17 (via Wayback Save Page),,,,410.0,423.0,
http://Anonymouse.org/ (Unix) (via Wayback Save Page),,,,195.0,240.0,
iAlien%20Gallery,,,,29.0,,
idio/1.0 (via Wayback Save Page),,,,1.0,,
"lima-premium.de cronjob runner/0.1 (job id 234, abuse@lima-city.de, 52fbce17) (via Wayback Save Page)",,,,1.0,,
macbook (via Wayback Save Page),,,,1.0,,
moe downloader by /u/dxprog (via Wayback Save Page),,,,1.0,,
newspaper/0.0.8 (via Wayback Save Page),,,,1.0,,
reddit is fun (Android) 3.7.11 (via Wayback Save Page),,,,1.0,,
reddit is fun (Android) 3.7.14 (via Wayback Save Page),,,,2.0,,
reddit is fun (Android) 3.7.15 (via Wayback Save Page),,,,4.0,,
reddit is fun (Android) 3.7.20 (via Wayback Save Page),,,,1.0,,
reddit is fun (Android) 3.7.29 (via Wayback Save Page),,,,7.0,,
reddit is fun (Android) 3.7.38 (via Wayback Save Page),,,,2.0,,
reddit is fun (Android) 3.7.39 (via Wayback Save Page),,,,1.0,,
reddit is fun (Android) 3.7.41 (via Wayback Save Page),,,,303.0,,
reddit is fun (Android) 3.8.2 (via Wayback Save Page),,,,1.0,,
redditappFree,,,,1.0,,
reddito,,,,2.0,,
this is a test ua <img src=x onerror= alert(999999)  > (via Wayback Save Page),,,,5.0,,
upvote,,,,1.0,,
12345 (via Wayback Save Page),,,,,1.0,
Aboundex,,,,,1.0,
AppleCoreMedia/1.0.0.11G63 (Macintosh; U; Intel Mac OS X 10_7_5; de_de) (via Wayback Save Page),,,,,1.0,
By_Alea/5.0 (via Wayback Save Page),,,,,1.0,
CHttpRequest -  see http://labs.keywordspy.com/ (via Wayback Save Page),,,,,6.0,
CRAZYWEBCRAWLER,,,,,1.0,
Chitika ContentHit (via Wayback Save Page),,,,,2.0,
ContextAd Bot,,,,,1.0,
DoCoMo/2.0 F01C(c500;TB;W24H16) (via Wayback Save Page),,,,,1.0,
DoCoMo/2.0 F01C(c500;TB;W30H20) (via Wayback Save Page),,,,,3.0,
DoCoMo/2.0 N01E(c500;TB;W24H16) (via Wayback Save Page),,,,,1.0,
DoCoMo/2.0 N05B(c500;TB;W24H16) (via Wayback Save Page),,,,,6.0,
DoCoMo/2.0 N09A3(c500;TB;W24H16) (via Wayback Save Page),,,,,2.0,
DoCoMo/2.0 P01F(c500;TB;W24H16) (via Wayback Save Page),,,,,1.0,
DoCoMo/2.0 P01F(c500;TB;W30H20) (via Wayback Save Page),,,,,3.0,
DoCoMo/2.0 P06C(c500;TB;W30H20) (via Wayback Save Page),,,,,7.0,
DoCoMo/2.0 SH01C(c500;TB;W30H20) (via Wayback Save Page),,,,,1.0,
DoCoMo/2.0 SH03E(c500;TB;W24H16) (via Wayback Save Page),,,,,1.0,
Dolphin http client/11.2.6(379) (Android) (via Wayback Save Page),,,,,1.0,
Feedfetcher-Google; (+http://www.google.com/feedfetcher.html; 1 subscribers; feed-id=13583597491991133659) (via Wayback Save Page),,,,,1.0,
"HTTPClient/1.0 (2.3.4.1, ruby 1.9.3 (2014-02-24)) (via Wayback Save Page)",,,,,261.0,
"HTTPClient/1.0 (2.3.4.1, ruby 1.9.3 (2014-05-14)) (via Wayback Save Page)",,,,,479.0,
UP.Browser,,,,,1195.0,
KDDI-KC4A UP.Browser/6.2_7.2.7.1.K.7.1.104 (GUI) MMP/2.0 (via Wayback Save Page),,,,,2.0,
Keep Out (via Wayback Save Page),,,,,13.0,
Mojolicious (Perl) (via Wayback Save Page),,,,,2.0,
Mozilla (via Wayback Save Page),,,,,24.0,
Mozilla/3.0 (x86 [en] Windows NT 5.1; Sun) (via Wayback Save Page),,,,,1.0,
Mozilla/4.0 (compatible; <a href=http://www.reget.com>ReGet Deluxe 5.1</a>; Windows NT 5.1) (via Wayback Save Page),,,,,38.0,
CrystalSemanticsBot,,,,,5.0,
AdSonar Bot,,,,,4.0,
Mozilla/4.0 (compatible; ibisBrowser) (via Wayback Save Page),,,,,16.0,
Mozilla/4.0 (jig browser web; 1.0.4; F06B) (via Wayback Save Page),,,,,1.0,
Mozilla/4.0 (jig browser web; 1.0.4; P01E) (via Wayback Save Page),,,,,21.0,
Mozilla/4.0 (jig browser web; 1.0.4; SH06A3) (via Wayback Save Page),,,,,1.0,
Mozilla/4.5 (compatible; HTTrack 3.0x; Windows 98) (via Wayback Save Page),,,,,72.0,
Mozilla/5.0 (000000000; 00000 000 00 0 000000) DDDDDDDDDDDDDDDDDDDDD DDDDDDD DDDD DDDDDD DDDDDDDDDDDDD DDDDDDDDDDDDDDDD (via Wayback Save Page),,,,,20.0,
Mozilla/5.0 (000000000; 00000 000 00 0 0000; 0000000) DDDDDDDDDDDDDD DDDDDDDDDDDD (via Wayback Save Page),,,,,1.0,
Mozilla/5.0 (Macintosh; Intel Mac OS X) Word/14.0.0 (via Wayback Save Page),,,,,1.0,
Mozilla/5.0 (Macintosh; Intel Mac OS X) Word/14.10.0 (via Wayback Save Page),,,,,3.0,
"Mozilla/5.0 (PlayStation 4 1.76) AppleWebKit/536.26 (KHTML, like Gecko) (via Wayback Save Page)",,,,,37.0,
Ovi Browser,,,,,195.0,
Mozilla/5.0 (Windows NT 6.0; rv:32.0) Gecko/20100101 Firefox/2CDA (via Wayback Save Page),,,,,2.0,
Mozilla/5.0 (Windows NT 6.1; rv:32.0) Gecko/20100101 Firefox/0BDF (via Wayback Save Page),,,,,9.0,
Mozilla/5.0 (Windows NT 6.1; rv:34.0) Gecko/20100101 Firefox/4BEA (via Wayback Save Page),,,,,11.0,
Mozilla/5.0 (Windows NT 6.3; WOW64; rv:32.0) Gecko/20100101 Firefox/6E78 (via Wayback Save Page),,,,,1.0,
Google Earth,,,,,1.0,
Mozilla/5.0 (Windows; U; Windows NT 5.1; en-US; rv:1.8.1.20) Gecko/20081217 firefox (via Wayback Save Page),,,,,1.0,
Mozilla/5.0 (Windows; U; Windows NT 5.1; en-US; rv:1.9.2.13) Gecko/20101203 Firefox/7 (via Wayback Save Page),,,,,6.0,
Mozilla/5.0 (Windows;) (via Wayback Save Page),,,,,20.0,
Mozilla/5.0 (X11; Linux i686; rv:17.0) Gecko/20100101 icecat/17.0.1 (via Wayback Save Page),,,,,1.0,
Maemo Browser,,,,,2.0,
Mozilla/5.0 (X11; U; Linux i686; en-US; rv:1.6) Gecko/20040413 Debian/1.6-5 (via Wayback Save Page),,,,,1.0,
Mozilla/5.0 (compatible; Embedly/0.2; snap; +http://support.embed.ly/) (via Wayback Save Page),,,,,18.0,
Genieo,,,,,3.0,
Gravitybot,,,,,1.0,
Mozilla/5.0 (compatible; Seznam screenshot-generator 2.1; +http://fulltext.sblog.cz/screenshot/) (via Wayback Save Page),,,,,30.0,
adrolays crawler,,,,,1.0,
Mozilla/5.0 (en-us;) (via Wayback Save Page),,,,,22.0,
NoteTextView (via Wayback Save Page),,,,,6.0,
PEAR HTTP_Request class ( http://pear.php.net/ ) (via Wayback Save Page),,,,,1.0,
Polaris,,,,,1.0,
QuerySeekerSpider,,,,,2.0,
Quora Link Preview/1.0 (http://www.quora.com) (via Wayback Save Page),,,,,2.0,
Red%20Browser,,,,,1.0,
RedditNews by /u/dbrady (via Wayback Save Page),,,,,4.0,
SSP/2.02.03 (20090914-10; Windows NT 6.1) (via Wayback Save Page),,,,,2.0,
Scrapy,,,,,662.0,
SiteSucker for OS X/2.6.1 (via Wayback Save Page),,,,,2.0,
Spice M5364 (via Wayback Save Page),,,,,1.0,
TinEye-bot,,,,,1.0,
U; (via Wayback Save Page),,,,,1.0,
URL/Emacs (via Wayback Save Page),,,,,6.0,
"User-Agent: () { :;}; echo ""Content-Type: text/plain""; echo; /bin/cat /etc/passwd (via Wayback Save Page)",,,,,2.0,
WWW-Mechanize/1.68 (via Wayback Save Page),,,,,3.0,
WWW-Mechanize/1.71 (via Wayback Save Page),,,,,2.0,
WebCopier v5.3 (via Wayback Save Page),,,,,6.0,
WinExplorer (via Wayback Save Page),,,,,4.0,
WinampMPEG/5.50 (via Wayback Save Page),,,,,1.0,
XXXXXXXXXXXXXXXXXXXXX (via Wayback Save Page),,,,,2.0,
deadParrot/1 (ETARGET adcontent) (via Wayback Save Page),,,,,1.0,
gyffu_bot,,,,,1.0,
mozilla (via Wayback Save Page),,,,,202.0,
no info (via Wayback Save Page),,,,,6.0,
no-ua (via Wayback Save Page),,,,,1.0,
